Workbook
Name k: Input_Data!$B$6
Name TL: Input_Data!$B$4
Name uc: Input_Data!$B$5

Sheet Input_Data
A1: GBC Excel (Thesis Data) — GBC-only Control Chart (No 3σ) [Fixed row refs]
A3: Parameters
A4: TL (Spec, mm) | B4: 0.15
A5: uc (combined, mm) | B5: 0.002585
A6: k (coverage) | B6: 2
B7: Part A (mm) | C7: Part B (mm) | D7: Part C (mm)
A8: 1 | B8: 0.1601 | C8: 0.0942 | D8: 0.1331
A9: 2 | B9: 0.1617 | C9: 0.0922 | D9: 0.133
A10: 3 | B10: 0.1636 | C10: 0.0929 | D10: 0.1332
A11: 4 | B11: 0.1599 | C11: 0.0931 | D11: 0.1401
A12: 5 | B12: 0.1596 | C12: 0.0936 | D12: 0.1347
A13: 6 | B13: 0.1597 | C13: 0.0906 | D13: 0.1339
A14: 7 | B14: 0.1572 | C14: 0.096 | D14: 0.1402
A15: 8 | B15: 0.1567 | C15: 0.0918 | D15: 0.1414
A16: 9 | B16: 0.1607 | C16: 0.0929 | D16: 0.14
A17: 10 | B17: 0.159 | C17: 0.0924 | D17: 0.1401

Sheet Computation
A1: Computed parameters and helper columns | M1: w
A2: w = k*uc (mm) | B2: =k*uc -> 0.00517 | C2: w (µm) | D2: =B2*1000 -> 5.17 | M2: TL (Spec) = 0.1500
A3: AL = TL - w (mm) | B3: =TL - (k*uc) -> 0.14483
A5: n | B5: Part A (mm) | C5: Part B (mm) | D5: Part C (mm) | E5: TL | F5: AL | G5: Base (AL) | H5: Band (TL-AL)
A6: 1 | B6: =Input_Data!$B$8 -> 0.1601 | C6: =Input_Data!$C$8 -> 0.0942 | D6: =Input_Data!$D$8 -> 0.1331 | E6: =TL -> 0.15 | F6: =TL - (k*uc) -> 0.14483 | G6: =F6 -> 0.14483 | H6: =E6-F6 -> 0.00517
A7: 2 | B7: =Input_Data!$B$9 -> 0.1617 | C7: =Input_Data!$C$9 -> 0.0922 | D7: =Input_Data!$D$9 -> 0.133 | E7: =TL -> 0.15 | F7: =TL - (k*uc) -> 0.14483 | G7: =F7 -> 0.14483 | H7: =E7-F7 -> 0.00517
A8: 3 | B8: =Input_Data!$B$10 -> 0.1636 | C8: =Input_Data!$C$10 -> 0.0929 | D8: =Input_Data!$D$10 -> 0.1332 | E8: =TL -> 0.15 | F8: =TL - (k*uc) -> 0.14483 | G8: =F8 -> 0.14483 | H8: =E8-F8 -> 0.00517
A9: 4 | B9: =Input_Data!$B$11 -> 0.1599 | C9: =Input_Data!$C$11 -> 0.0931 | D9: =Input_Data!$D$11 -> 0.1401 | E9: =TL -> 0.15 | F9: =TL - (k*uc) -> 0.14483 | G9: =F9 -> 0.14483 | H9: =E9-F9 -> 0.00517
A10: 5 | B10: =Input_Data!$B$12 -> 0.1596 | C10: =Input_Data!$C$12 -> 0.0936 | D10: =Input_Data!$D$12 -> 0.1347 | E10: =TL -> 0.15 | F10: =TL - (k*uc) -> 0.14483 | G10: =F10 -> 0.14483 | H10: =E10-F10 -> 0.00517
A11: 6 | B11: =Input_Data!$B$13 -> 0.1597 | C11: =Input_Data!$C$13 -> 0.0906 | D11: =Input_Data!$D$13 -> 0.1339 | E11: =TL -> 0.15 | F11: =TL - (k*uc) -> 0.14483 | G11: =F11 -> 0.14483 | H11: =E11-F11 -> 0.00517
A12: 7 | B12: =Input_Data!$B$14 -> 0.1572 | C12: =Input_Data!$C$14 -> 0.096 | D12: =Input_Data!$D$14 -> 0.1402 | E12: =TL -> 0.15 | F12: =TL - (k*uc) -> 0.14483 | G12: =F12 -> 0.14483 | H12: =E12-F12 -> 0.00517
A13: 8 | B13: =Input_Data!$B$15 -> 0.1567 | C13: =Input_Data!$C$15 -> 0.0918 | D13: =Input_Data!$D$15 -> 0.1414 | E13: =TL -> 0.15 | F13: =TL - (k*uc) -> 0.14483 | G13: =F13 -> 0.14483 | H13: =E13-F13 -> 0.00517
A14: 9 | B14: =Input_Data!$B$16 -> 0.1607 | C14: =Input_Data!$C$16 -> 0.0929 | D14: =Input_Data!$D$16 -> 0.14 | E14: =TL -> 0.15 | F14: =TL - (k*uc) -> 0.14483 | G14: =F14 -> 0.14483 | H14: =E14-F14 -> 0.00517
A15: 10 | B15: =Input_Data!$B$17 -> 0.159 | C15: =Input_Data!$C$17 -> 0.0924 | D15: =Input_Data!$D$17 -> 0.1401 | E15: =TL -> 0.15 | F15: =TL - (k*uc) -> 0.14483 | G15: =F15 -> 0.14483 | H15: =E15-F15 -> 0.00517

Sheet Chart
